{"(citizen 67)": {"degree": 29, "degree_percentile": 83.78787878787878, "percent_runs": 0.001}, "(citizen 82)": {"degree": 21, "degree_percentile": 69.54545454545455, "percent_runs": 0.001}, "(media 347)": {"degree": -1, "degree_percentile": 0.0, "percent_runs": 0.001}, "(media 345)": {"degree": -1, "degree_percentile": 0.0, "percent_runs": 0.001}, "(media 346)": {"degree": -1, "degree_percentile": 0.0, "percent_runs": 0.001}, "(citizen 52)": {"degree": 43, "degree_percentile": 91.96969696969697, "percent_runs": 0.001}, "(media 341)": {"degree": -1, "degree_percentile": 0.0, "percent_runs": 0.001}, "(citizen 62)": {"degree": 28, "degree_percentile": 81.66666666666667, "percent_runs": 0.001}, "(citizen 59)": {"degree": 28, "degree_percentile": 81.66666666666667, "percent_runs": 0.001}, "(citizen 55)": {"degree": 26, "degree_percentile": 79.54545454545455, "percent_runs": 0.001}, "(citizen 63)": {"degree": 28, "degree_percentile": 81.66666666666667, "percent_runs": 0.001}, "(citizen 64)": {"degree": 30, "degree_percentile": 85.60606060606061, "percent_runs": 0.002}, "(citizen 56)": {"degree": 24, "degree_percentile": 76.36363636363636, "percent_runs": 0.002}, "(citizen 47)": {"degree": 27, "degree_percentile": 80.3030303030303, "percent_runs": 0.002}, "(citizen 65)": {"degree": 23, "degree_percentile": 74.24242424242425, "percent_runs": 0.002}, "(citizen 57)": {"degree": 33, "degree_percentile": 87.87878787878788, "percent_runs": 0.002}, "(citizen 60)": {"degree": 28, "degree_percentile": 81.66666666666667, "percent_runs": 0.002}, "(citizen 66)": {"degree": 25, "degree_percentile": 78.33333333333333, "percent_runs": 0.002}, "(media 340)": {"degree": -1, "degree_percentile": 0.0, "percent_runs": 0.002}, "(citizen 50)": {"degree": 30, "degree_percentile": 85.60606060606061, "percent_runs": 0.002}, "(citizen 58)": {"degree": 29, "degree_percentile": 83.78787878787878, "percent_runs": 0.002}, "(citizen 39)": {"degree": 35, "degree_percentile": 88.78787878787878, "percent_runs": 0.003}, "(citizen 41)": {"degree": 43, "degree_percentile": 91.96969696969697, "percent_runs": 0.003}, "(citizen 44)": {"degree": 24, "degree_percentile": 76.36363636363636, "percent_runs": 0.003}, "(citizen 49)": {"degree": 30, "degree_percentile": 85.60606060606061, "percent_runs": 0.003}, "(citizen 43)": {"degree": 38, "degree_percentile": 90.75757575757575, "percent_runs": 0.003}, "(citizen 51)": {"degree": 34, "degree_percentile": 88.33333333333333, "percent_runs": 0.004}, "(media 339)": {"degree": -1, "degree_percentile": 0.0, "percent_runs": 0.004}, "(citizen 42)": {"degree": 24, "degree_percentile": 76.36363636363636, "percent_runs": 0.004}, "(media 335)": {"degree": -1, "degree_percentile": 0.0, "percent_runs": 0.004}, "(media 338)": {"degree": -1, "degree_percentile": 0.0, "percent_runs": 0.004}, "(citizen 54)": {"degree": 25, "degree_percentile": 78.33333333333333, "percent_runs": 0.005}, "(citizen 48)": {"degree": 29, "degree_percentile": 83.78787878787878, "percent_runs": 0.005}, "(media 334)": {"degree": -1, "degree_percentile": 0.0, "percent_runs": 0.005}, "(citizen 45)": {"degree": 32, "degree_percentile": 87.42424242424242, "percent_runs": 0.006}, "(media 336)": {"degree": -1, "degree_percentile": 0.0, "percent_runs": 0.006}, "(citizen 46)": {"degree": 37, "degree_percentile": 89.84848484848484, "percent_runs": 0.006}, "(media 337)": {"degree": -1, "degree_percentile": 0.0, "percent_runs": 0.007}, "(media 332)": {"degree": -1, "degree_percentile": 0.0, "percent_runs": 0.007}, "(citizen 36)": {"degree": 31, "degree_percentile": 86.66666666666667, "percent_runs": 0.007}, "(citizen 32)": {"degree": 32, "degree_percentile": 87.42424242424242, "percent_runs": 0.009}, "(media 331)": {"degree": -1, "degree_percentile": 0.0, "percent_runs": 0.009}, "(citizen 38)": {"degree": 24, "degree_percentile": 76.36363636363636, "percent_runs": 0.009}, "(media 333)": {"degree": -1, "degree_percentile": 0.0, "percent_runs": 0.01}, "(media 330)": {"degree": -1, "degree_percentile": 0.0, "percent_runs": 0.01}, "(citizen 40)": {"degree": 47, "degree_percentile": 93.48484848484848, "percent_runs": 0.01}, "(citizen 34)": {"degree": 41, "degree_percentile": 91.36363636363636, "percent_runs": 0.011}, "(citizen 37)": {"degree": 28, "degree_percentile": 81.66666666666667, "percent_runs": 0.011}, "(media 307)": {"degree": 5, "degree_percentile": 2.272727272727273, "percent_runs": 0.011}, "(media 311)": {"degree": 4, "degree_percentile": 1.6666666666666667, "percent_runs": 0.012}, "(media 300)": {"degree": 15, "degree_percentile": 41.06060606060606, "percent_runs": 0.012}, "(media 304)": {"degree": 5, "degree_percentile": 2.272727272727273, "percent_runs": 0.012}, "(citizen 6)": {"degree": 49, "degree_percentile": 94.0909090909091, "percent_runs": 0.013}, "(media 315)": {"degree": 4, "degree_percentile": 1.6666666666666667, "percent_runs": 0.013}, "(citizen 33)": {"degree": 20, "degree_percentile": 67.12121212121212, "percent_runs": 0.013}, "(citizen 35)": {"degree": 30, "degree_percentile": 85.60606060606061, "percent_runs": 0.013}, "(citizen 1)": {"degree": 52, "degree_percentile": 94.84848484848484, "percent_runs": 0.014}, "(media 316)": {"degree": 6, "degree_percentile": 2.727272727272727, "percent_runs": 0.014}, "(media 312)": {"degree": 9, "degree_percentile": 3.3333333333333335, "percent_runs": 0.014}, "(media 301)": {"degree": 16, "degree_percentile": 49.09090909090909, "percent_runs": 0.014}, "(media 310)": {"degree": 2, "degree_percentile": 0.6060606060606061, "percent_runs": 0.014}, "(citizen 0)": {"degree": 88, "degree_percentile": 100.0, "percent_runs": 0.014}, "(citizen 28)": {"degree": 47, "degree_percentile": 93.48484848484848, "percent_runs": 0.014}, "(media 302)": {"degree": 28, "degree_percentile": 81.66666666666667, "percent_runs": 0.014}, "(media 327)": {"degree": 62, "degree_percentile": 96.06060606060606, "percent_runs": 0.015}, "(media 329)": {"degree": 0, "degree_percentile": 0.30303030303030304, "percent_runs": 0.015}, "(media 306)": {"degree": 3, "degree_percentile": 1.0606060606060606, "percent_runs": 0.017}, "(citizen 4)": {"degree": 31, "degree_percentile": 86.66666666666667, "percent_runs": 0.017}, "(media 305)": {"degree": 16, "degree_percentile": 49.09090909090909, "percent_runs": 0.017}, "(media 313)": {"degree": 41, "degree_percentile": 91.36363636363636, "percent_runs": 0.017}, "(media 314)": {"degree": 3, "degree_percentile": 1.0606060606060606, "percent_runs": 0.017}, "(citizen 5)": {"degree": 65, "degree_percentile": 97.57575757575758, "percent_runs": 0.017}, "(citizen 8)": {"degree": 49, "degree_percentile": 94.0909090909091, "percent_runs": 0.018}, "(citizen 9)": {"degree": 25, "degree_percentile": 78.33333333333333, "percent_runs": 0.018}, "(citizen 29)": {"degree": 37, "degree_percentile": 89.84848484848484, "percent_runs": 0.018}, "(media 309)": {"degree": 10, "degree_percentile": 3.6363636363636362, "percent_runs": 0.018}, "(media 308)": {"degree": 12, "degree_percentile": 10.757575757575758, "percent_runs": 0.018}, "(media 303)": {"degree": 37, "degree_percentile": 89.84848484848484, "percent_runs": 0.019}, "(citizen 2)": {"degree": 21, "degree_percentile": 69.54545454545455, "percent_runs": 0.019}, "(media 326)": {"degree": 23, "degree_percentile": 74.24242424242425, "percent_runs": 0.02}, "(citizen 31)": {"degree": 31, "degree_percentile": 86.66666666666667, "percent_runs": 0.021}, "(media 328)": {"degree": 25, "degree_percentile": 78.33333333333333, "percent_runs": 0.021}, "(citizen 3)": {"degree": 29, "degree_percentile": 83.78787878787878, "percent_runs": 0.022}, "(citizen 30)": {"degree": 36, "degree_percentile": 89.0909090909091, "percent_runs": 0.022}, "(media 322)": {"degree": 44, "degree_percentile": 92.57575757575758, "percent_runs": 0.024}, "(media 323)": {"degree": 46, "degree_percentile": 93.03030303030303, "percent_runs": 0.025}, "(citizen 27)": {"degree": 34, "degree_percentile": 88.33333333333333, "percent_runs": 0.025},