{"(media 313)": {"degree": 41, "degree_percentile": 91.36363636363636, "percent_runs": 0.001}, "(citizen 73)": {"degree": 29, "degree_percentile": 83.7878787878788, "percent_runs": 0.001}, "(citizen 66)": {"degree": 25, "degree_percentile": 78.33333333333333, "percent_runs": 0.001}, "(citizen 30)": {"degree": 36, "degree_percentile": 89.0909090909091, "percent_runs": 0.001}, "(media 300)": {"degree": 15, "degree_percentile": 41.06060606060606, "percent_runs": 0.001}, "(citizen 48)": {"degree": 29, "degree_percentile": 83.7878787878788, "percent_runs": 0.001}, "(citizen 32)": {"degree": 32, "degree_percentile": 87.42424242424242, "percent_runs": 0.001}, "(citizen 39)": {"degree": 35, "degree_percentile": 88.7878787878788, "percent_runs": 0.001}, "(media 328)": {"degree": 25, "degree_percentile": 78.33333333333333, "percent_runs": 0.001}, "(citizen 51)": {"degree": 34, "degree_percentile": 88.33333333333334, "percent_runs": 0.001}, "(citizen 63)": {"degree": 28, "degree_percentile": 81.66666666666667, "percent_runs": 0.002}, "(citizen 94)": {"degree": 27, "degree_percentile": 80.30303030303031, "percent_runs": 0.002}, "(media 325)": {"degree": 38, "degree_percentile": 90.75757575757576, "percent_runs": 0.002}, "(citizen 95)": {"degree": 24, "degree_percentile": 76.36363636363636, "percent_runs": 0.002}, "(citizen 40)": {"degree": 47, "degree_percentile": 93.48484848484848, "percent_runs": 0.003}, "(citizen 47)": {"degree": 27, "degree_percentile": 80.30303030303031, "percent_runs": 0.003}, "(citizen 28)": {"degree": 47, "degree_percentile": 93.48484848484848, "percent_runs": 0.003}, "(citizen 64)": {"degree": 30, "degree_percentile": 85.60606060606061, "percent_runs": 0.003}, "(citizen 52)": {"degree": 43, "degree_percentile": 91.96969696969697, "percent_runs": 0.003}, "(citizen 24)": {"degree": 50, "degree_percentile": 94.54545454545455, "percent_runs": 0.004}, "(citizen 23)": {"degree": 66, "degree_percentile": 98.18181818181819, "percent_runs": 0.004}, "(citizen 45)": {"degree": 32, "degree_percentile": 87.42424242424242, "percent_runs": 0.004}, "(citizen 34)": {"degree": 41, "degree_percentile": 91.36363636363636, "percent_runs": 0.004}, "(citizen 17)": {"degree": 77, "degree_percentile": 98.93939393939394, "percent_runs": 0.005}, "(citizen 53)": {"degree": 29, "degree_percentile": 83.7878787878788, "percent_runs": 0.007}, "(citizen 58)": {"degree": 29, "degree_percentile": 83.7878787878788, "percent_runs": 0.008}, "(citizen 25)": {"degree": 62, "degree_percentile": 96.06060606060606, "percent_runs": 0.008}, "(citizen 43)": {"degree": 38, "degree_percentile": 90.75757575757576, "percent_runs": 0.009}, "(citizen 19)": {"degree": 64, "degree_percentile": 96.96969696969697, "percent_runs": 0.009}, "(citizen 20)": {"degree": 44, "degree_percentile": 92.57575757575758, "percent_runs": 0.01}, "(citizen 16)": {"degree": 82, "degree_percentile": 99.39393939393939, "percent_runs": 0.01}, "(citizen 31)": {"degree": 31, "degree_percentile": 86.66666666666667, "percent_runs": 0.01}, "(citizen 18)": {"degree": 59, "degree_percentile": 95.45454545454545, "percent_runs": 0.013}, "(citizen 36)": {"degree": 31, "degree_percentile": 86.66666666666667, "percent_runs": 0.018}, "(citizen 9)": {"degree": 25, "degree_percentile": 78.33333333333333, "percent_runs": 0.02}, "(citizen 69)": {"degree": 29, "degree_percentile": 83.7878787878788, "percent_runs": 0.023}, "(citizen 4)": {"degree": 31, "degree_percentile": 86.66666666666667, "percent_runs": 0.037}, "(citizen 8)": {"degree": 49, "degree_percentile": 94.0909090909091, "percent_runs": 0.051}, "(citizen 21)": {"degree": 65, "degree_percentile": 97.57575757575758, "percent_runs": 0.099}, "(citizen 15)": {"degree": 67, "degree_percentile": 98.48484848484848, "percent_runs": 0.116}, "(citizen 26)": {"degree": 54, "degree_percentile": 95.15151515151516, "percent_runs": 0.12}, "(citizen 41)": {"degree": 43, "degree_percentile": 91.96969696969697, "percent_runs": 0.132}, "(citizen 1)": {"degree": 52, "degree_percentile": 94.84848484848484, "percent_runs": 0.148}, "(citizen 13)": {"degree": 63, "degree_percentile": 96.66666666666667, "percent_runs": 0.232}, "(media 318)": {"degree": 26, "degree_percentile": 79.54545454545455, "percent_runs": 0.276}, "(citizen 14)": {"degree": 65, "degree_percentile": 97.57575757575758, "percent_runs": 0.328}, "(citizen 11)": {"degree": 85, "degree_percentile": 99.6969696969697, "percent_runs": 0.36}, "(citizen 12)": {"degree": 77, "degree_percentile": 98.93939393939394, "percent_runs": 0.363}, "(media 321)": {"degree": 62, "degree_percentile": 96.06060606060606, "percent_runs": 0.411}, "(citizen 0)": {"degree": 88, "degree_percentile": 100.0, "percent_runs": 0.448}, "(media 327)": {"degree": 62, "degree_percentile": 96.06060606060606, "percent_runs": 0.866}}