{"(citizen 43)": {"degree": 38, "degree_percentile": 90.75757575757576, "percent_runs": 0.001}, "(media 300)": {"degree": 15, "degree_percentile": 41.06060606060606, "percent_runs": 0.001}, "(citizen 6)": {"degree": 49, "degree_percentile": 94.0909090909091, "percent_runs": 0.001}, "(citizen 40)": {"degree": 47, "degree_percentile": 93.48484848484848, "percent_runs": 0.001}, "(media 313)": {"degree": 41, "degree_percentile": 91.36363636363636, "percent_runs": 0.002}, "(media 305)": {"degree": 16, "degree_percentile": 49.09090909090909, "percent_runs": 0.002}, "(media 319)": {"degree": 15, "degree_percentile": 41.06060606060606, "percent_runs": 0.002}, "(citizen 17)": {"degree": 77, "degree_percentile": 98.93939393939394, "percent_runs": 0.002}, "(citizen 25)": {"degree": 62, "degree_percentile": 96.06060606060606, "percent_runs": 0.003}, "(citizen 21)": {"degree": 65, "degree_percentile": 97.57575757575758, "percent_runs": 0.003}, "(citizen 1)": {"degree": 52, "degree_percentile": 94.84848484848484, "percent_runs": 0.003}, "(citizen 26)": {"degree": 54, "degree_percentile": 95.15151515151516, "percent_runs": 0.003}, "(citizen 23)": {"degree": 66, "degree_percentile": 98.18181818181819, "percent_runs": 0.004}, "(citizen 19)": {"degree": 64, "degree_percentile": 96.96969696969697, "percent_runs": 0.004}, "(media 301)": {"degree": 16, "degree_percentile": 49.09090909090909, "percent_runs": 0.004}, "(citizen 15)": {"degree": 67, "degree_percentile": 98.48484848484848, "percent_runs": 0.005}, "(citizen 13)": {"degree": 63, "degree_percentile": 96.66666666666667, "percent_runs": 0.005}, "(media 324)": {"degree": 17, "degree_percentile": 54.84848484848485, "percent_runs": 0.006}, "(media 320)": {"degree": 19, "degree_percentile": 63.18181818181819, "percent_runs": 0.007}, "(citizen 16)": {"degree": 82, "degree_percentile": 99.39393939393939, "percent_runs": 0.017}, "(media 326)": {"degree": 23, "degree_percentile": 74.24242424242425, "percent_runs": 0.024}, "(citizen 14)": {"degree": 65, "degree_percentile": 97.57575757575758, "percent_runs": 0.038}, "(media 328)": {"degree": 25, "degree_percentile": 78.33333333333333, "percent_runs": 0.051}, "(media 302)": {"degree": 28, "degree_percentile": 81.66666666666667, "percent_runs": 0.066}, "(citizen 12)": {"degree": 77, "degree_percentile": 98.93939393939394, "percent_runs": 0.075}, "(citizen 11)": {"degree": 85, "degree_percentile": 99.6969696969697, "percent_runs": 0.086}, "(media 325)": {"degree": 38, "degree_percentile": 90.75757575757576, "percent_runs": 0.112}, "(media 303)": {"degree": 37, "degree_percentile": 89.84848484848484, "percent_runs": 0.133}, "(media 318)": {"degree": 26, "degree_percentile": 79.54545454545455, "percent_runs": 0.149}, "(media 323)": {"degree": 46, "degree_percentile": 93.03030303030303, "percent_runs": 0.166}, "(media 322)": {"degree": 44, "degree_percentile": 92.57575757575758, "percent_runs": 0.181}, "(citizen 0)": {"degree": 88, "degree_percentile": 100.0, "percent_runs": 0.208}, "(media 327)": {"degree": 62, "degree_percentile": 96.06060606060606, "percent_runs": 0.422}, "(media 321)": {"degree": 62, "degree_percentile": 96.06060606060606, "percent_runs": 0.423}}