{"(citizen 20)": {"degree": 44, "degree_percentile": 92.57575757575758, "percent_runs": 0.001}, "(citizen 28)": {"degree": 47, "degree_percentile": 93.48484848484848, "percent_runs": 0.001}, "(citizen 51)": {"degree": 34, "degree_percentile": 88.33333333333333, "percent_runs": 0.001}, "(citizen 63)": {"degree": 28, "degree_percentile": 81.66666666666667, "percent_runs": 0.001}, "(citizen 73)": {"degree": 29, "degree_percentile": 83.78787878787878, "percent_runs": 0.001}, "(citizen 47)": {"degree": 27, "degree_percentile": 80.3030303030303, "percent_runs": 0.001}, "(citizen 6)": {"degree": 49, "degree_percentile": 94.0909090909091, "percent_runs": 0.001}, "(citizen 29)": {"degree": 37, "degree_percentile": 89.84848484848484, "percent_runs": 0.001}, "(media 325)": {"degree": 38, "degree_percentile": 90.75757575757575, "percent_runs": 0.001}, "(citizen 67)": {"degree": 29, "degree_percentile": 83.78787878787878, "percent_runs": 0.001}, "(citizen 30)": {"degree": 36, "degree_percentile": 89.0909090909091, "percent_runs": 0.001}, "(citizen 35)": {"degree": 30, "degree_percentile": 85.60606060606061, "percent_runs": 0.002}, "(citizen 40)": {"degree": 47, "degree_percentile": 93.48484848484848, "percent_runs": 0.002}, "(citizen 58)": {"degree": 29, "degree_percentile": 83.78787878787878, "percent_runs": 0.002}, "(citizen 52)": {"degree": 43, "degree_percentile": 91.96969696969697, "percent_runs": 0.002}, "(citizen 45)": {"degree": 32, "degree_percentile": 87.42424242424242, "percent_runs": 0.002}, "(citizen 25)": {"degree": 62, "degree_percentile": 96.06060606060606, "percent_runs": 0.003}, "(citizen 53)": {"degree": 29, "degree_percentile": 83.78787878787878, "percent_runs": 0.003}, "(citizen 24)": {"degree": 50, "degree_percentile": 94.54545454545455, "percent_runs": 0.004}, "(citizen 64)": {"degree": 30, "degree_percentile": 85.60606060606061, "percent_runs": 0.004}, "(citizen 95)": {"degree": 24, "degree_percentile": 76.36363636363636, "percent_runs": 0.004}, "(citizen 43)": {"degree": 38, "degree_percentile": 90.75757575757575, "percent_runs": 0.005}, "(citizen 17)": {"degree": 77, "degree_percentile": 98.93939393939394, "percent_runs": 0.007}, "(citizen 18)": {"degree": 59, "degree_percentile": 95.45454545454545, "percent_runs": 0.007}, "(citizen 31)": {"degree": 31, "degree_percentile": 86.66666666666667, "percent_runs": 0.008}, "(citizen 16)": {"degree": 82, "degree_percentile": 99.39393939393939, "percent_runs": 0.008}, "(citizen 36)": {"degree": 31, "degree_percentile": 86.66666666666667, "percent_runs": 0.011}, "(citizen 69)": {"degree": 29, "degree_percentile": 83.78787878787878, "percent_runs": 0.011}, "(citizen 23)": {"degree": 66, "degree_percentile": 98.18181818181819, "percent_runs": 0.012}, "(citizen 19)": {"degree": 64, "degree_percentile": 96.96969696969697, "percent_runs": 0.014}, "(citizen 9)": {"degree": 25, "degree_percentile": 78.33333333333333, "percent_runs": 0.024}, "(citizen 8)": {"degree": 49, "degree_percentile": 94.0909090909091, "percent_runs": 0.031}, "(citizen 4)": {"degree": 31, "degree_percentile": 86.66666666666667, "percent_runs": 0.043}, "(citizen 1)": {"degree": 52, "degree_percentile": 94.84848484848484, "percent_runs": 0.055}, "(citizen 41)": {"degree": 43, "degree_percentile": 91.96969696969697, "percent_runs": 0.057}, "(citizen 15)": {"degree": 67, "degree_percentile": 98.48484848484848, "percent_runs": 0.061}, "(citizen 26)": {"degree": 54, "degree_percentile": 95.15151515151516, "percent_runs": 0.065}, "(citizen 21)": {"degree": 65, "degree_percentile": 97.57575757575758, "percent_runs": 0.069}, "(media 318)": {"degree": 26, "degree_percentile": 79.54545454545455, "percent_runs": 0.187}, "(citizen 13)": {"degree": 63, "degree_percentile": 96.66666666666667, "percent_runs": 0.274}, "(citizen 14)": {"degree": 65, "degree_percentile": 97.57575757575758, "percent_runs": 0.376}, "(media 321)": {"degree": 62, "degree_percentile": 96.06060606060606, "percent_runs": 0.41}, "(citizen 11)": {"degree": 85, "degree_percentile": 99.6969696969697, "percent_runs": 0.432}, "(citizen 12)": {"degree": 77, "degree_percentile": 98.93939393939394, "percent_runs": 0.444}, "(citizen 0)": {"degree": 88, "degree_percentile": 100.0, "percent_runs": 0.565}, "(media 327)": {"degree": 62, "degree_percentile": 96.06060606060606, "percent_runs": 0.973}}